,mean,median,std_dev,variance,min,max
Units_Sold,24.67,24.5,14.837881495440218,220.16272727272727,1.0,49.0
Unit_Price,527.5382,511.17499999999995,273.4218545622914,74759.51055228284,54.93,994.82
Total_Sales,13057.8583,10581.7,10932.708589127671,119524117.09478596,201.51,42829.92
